Order ID,Product,Order Date,Sales,Quantity Sold,Warehouse Location
1,Backpack,2023-01-01,130,3,Los Angeles
2,T-Shirt,2023-01-02,123,2,Chicago
3,Sunglasses,2023-01-03,335,6,New York
4,Watch,2023-01-04,190,2,Lagos
5,Backpack,2023-01-05,479,3,Paris
6,Camera,2023-01-06,375,6,Paris
7,Phone,2023-01-07,343,5,London
8,Backpack,2023-01-08,152,8,Paris
9,Sunglasses,2023-01-09,395,9,Paris
10,Watch,2023-01-10,312,3,Los Angeles
11,T-Shirt,2023-01-11,347,3,Tokyo
12,Sunglasses,2023-01-12,146,3,Lagos
13,Sunglasses,2023-01-13,125,6,Houston
14,Phone,2023-01-14,111,1,Miami
15,Headphones,2023-01-15,306,7,Tokyo
16,Watch,2023-01-16,397,1,Chicago
17,Laptop,2023-01-17,412,5,Chicago
18,Sunglasses,2023-01-18,70,8,Paris
19,Headphones,2023-01-19,48,4,Houston
20,Laptop,2023-01-20,481,5,New York
21,Watch,2023-01-21,315,4,Beijing
22,Shoes,2023-01-22,316,4,Tokyo
23,Camera,2023-01-23,233,8,Tokyo
24,Headphones,2023-01-24,286,2,Sydney
25,Book,2023-01-25,426,1,Lagos
26,Shoes,2023-01-26,276,3,London
27,Camera,2023-01-27,321,9,Lagos
28,Phone,2023-01-28,120,4,Beijing
29,Backpack,2023-01-29,424,5,Chicago
30,T-Shirt,2023-01-30,365,2,Chicago
31,Book,2023-01-31,129,4,Chicago
32,Phone,2023-02-01,439,2,Sydney
33,Watch,2023-02-02,201,2,Chicago
34,Phone,2023-02-03,490,4,Beijing
35,Backpack,2023-02-04,332,6,Houston
36,Watch,2023-02-05,20,7,London
37,Book,2023-02-06,338,3,Beijing
38,Backpack,2023-02-07,457,3,Paris
39,Laptop,2023-02-08,74,6,London
40,T-Shirt,2023-02-09,390,3,Beijing
41,Book,2023-02-10,443,2,Chicago
42,Laptop,2023-02-11,418,8,Houston
43,Camera,2023-02-12,168,5,Tokyo
44,Book,2023-02-13,450,1,Lagos
45,Camera,2023-02-14,476,3,Miami
46,Watch,2023-02-15,328,8,Houston
47,Laptop,2023-02-16,156,4,Tokyo
48,T-Shirt,2023-02-17,221,7,New York
49,Backpack,2023-02-18,455,2,Beijing
50,Sunglasses,2023-02-19,332,7,New York
51,Phone,2023-02-20,136,5,Tokyo
52,Shoes,2023-02-21,173,5,Houston
53,T-Shirt,2023-02-22,444,6,Beijing
54,Laptop,2023-02-23,310,9,Paris
55,Sunglasses,2023-02-24,82,6,Miami
56,T-Shirt,2023-02-25,263,8,Chicago
57,Laptop,2023-02-26,44,7,Beijing
58,Headphones,2023-02-27,109,9,Paris
59,Headphones,2023-02-28,94,4,Beijing
60,Camera,2023-03-01,313,2,Houston
61,T-Shirt,2023-03-02,405,7,Paris
62,Headphones,2023-03-03,410,6,Houston
63,Laptop,2023-03-04,229,1,Tokyo
64,Camera,2023-03-05,494,9,Los Angeles
65,Laptop,2023-03-06,437,9,Beijing
66,Camera,2023-03-07,366,2,Lagos
67,T-Shirt,2023-03-08,36,3,Beijing
68,Sunglasses,2023-03-09,147,5,Tokyo
69,Backpack,2023-03-10,446,5,London
70,Book,2023-03-11,462,1,New York
71,Sunglasses,2023-03-12,383,8,Chicago
72,Watch,2023-03-13,270,8,Paris
73,Laptop,2023-03-14,198,4,Los Angeles
74,Watch,2023-03-15,201,7,Miami
75,Sunglasses,2023-03-16,171,3,Miami
76,Camera,2023-03-17,44,6,Miami
77,Book,2023-03-18,474,9,Houston
78,Book,2023-03-19,199,1,Miami
79,Shoes,2023-03-20,217,5,Chicago
80,Book,2023-03-21,363,4,New York
81,Backpack,2023-03-22,180,8,Miami
82,Book,2023-03-23,196,1,Beijing
83,Sunglasses,2023-03-24,304,9,Beijing
84,Shoes,2023-03-25,82,6,Houston
85,Sunglasses,2023-03-26,169,4,Chicago
86,Sunglasses,2023-03-27,173,9,New York
87,Phone,2023-03-28,175,5,Los Angeles
88,Shoes,2023-03-29,389,5,Tokyo
89,Sunglasses,2023-03-30,488,5,New York
90,Phone,2023-03-31,68,1,Tokyo
91,Phone,2023-04-01,474,1,London
92,Shoes,2023-04-02,356,8,Tokyo
93,Watch,2023-04-03,103,8,Lagos
94,Camera,2023-04-04,380,6,Beijing
95,Backpack,2023-04-05,196,4,Chicago
96,Camera,2023-04-06,167,2,Sydney
97,Book,2023-04-07,137,2,Houston
98,Backpack,2023-04-08,361,9,Lagos
99,Book,2023-04-09,495,5,Tokyo
100,Sunglasses,2023-04-10,82,4,Miami
101,Laptop,2023-04-11,208,1,Chicago
102,Shoes,2023-04-12,379,7,Lagos
103,Backpack,2023-04-13,68,3,Houston
104,Backpack,2023-04-14,346,6,Beijing
105,Sunglasses,2023-04-15,276,5,Chicago
106,Watch,2023-04-16,243,5,Houston
107,Phone,2023-04-17,160,5,London
108,Sunglasses,2023-04-18,497,1,London
109,Headphones,2023-04-19,234,1,Houston
110,Phone,2023-04-20,454,3,Lagos
111,Shoes,2023-04-21,398,4,Chicago
112,Phone,2023-04-22,459,5,Lagos
113,Watch,2023-04-23,230,2,Los Angeles
114,Phone,2023-04-24,337,8,Tokyo
115,Shoes,2023-04-25,51,2,Los Angeles
116,Watch,2023-04-26,177,9,Paris
117,Camera,2023-04-27,304,2,London
118,Backpack,2023-04-28,324,9,Beijing
119,Backpack,2023-04-29,448,7,New York
120,Book,2023-04-30,496,8,Tokyo
121,Camera,2023-05-01,305,2,London
122,Camera,2023-05-02,163,7,Lagos
123,Phone,2023-05-03,443,6,Lagos
124,Backpack,2023-05-04,38,4,Lagos
125,Shoes,2023-05-05,37,7,Beijing
126,T-Shirt,2023-05-06,276,4,Los Angeles
127,T-Shirt,2023-05-07,97,2,New York
128,Watch,2023-05-08,390,7,Lagos
129,Backpack,2023-05-09,194,8,Sydney
130,Backpack,2023-05-10,213,2,Paris
131,T-Shirt,2023-05-11,495,5,Tokyo
132,Backpack,2023-05-12,132,1,Chicago
133,Phone,2023-05-13,133,7,Sydney
134,Headphones,2023-05-14,241,8,New York
135,Laptop,2023-05-15,185,6,Beijing
136,Camera,2023-05-16,454,5,New York
137,Book,2023-05-17,338,6,Chicago
138,Watch,2023-05-18,151,2,Tokyo
139,Headphones,2023-05-19,404,1,Chicago
140,T-Shirt,2023-05-20,283,7,Houston
141,Camera,2023-05-21,432,7,Tokyo
142,Backpack,2023-05-22,74,2,New York
143,Book,2023-05-23,378,2,Lagos
144,Backpack,2023-05-24,150,1,New York
145,Shoes,2023-05-25,307,8,New York
146,Shoes,2023-05-26,285,8,Tokyo
147,Book,2023-05-27,477,1,Paris
148,Book,2023-05-28,486,8,Houston
149,T-Shirt,2023-05-29,385,9,New York
150,Book,2023-05-30,181,4,Sydney
151,Phone,2023-05-31,399,1,London
152,Backpack,2023-06-01,106,1,Miami
153,Headphones,2023-06-02,74,3,Miami
154,Sunglasses,2023-06-03,495,5,New York
155,Book,2023-06-04,307,5,Sydney
156,Watch,2023-06-05,197,9,Paris
157,Shoes,2023-06-06,410,2,Lagos
158,Phone,2023-06-07,368,2,Beijing
159,Camera,2023-06-08,27,6,Beijing
160,Sunglasses,2023-06-09,340,9,Tokyo
161,Headphones,2023-06-10,332,1,Miami
162,Sunglasses,2023-06-11,266,9,New York
163,Book,2023-06-12,342,9,Beijing
164,T-Shirt,2023-06-13,491,9,New York
165,Shoes,2023-06-14,490,5,Tokyo
166,Shoes,2023-06-15,462,9,Miami
167,Camera,2023-06-16,274,4,Chicago
168,T-Shirt,2023-06-17,347,2,Paris
169,Backpack,2023-06-18,73,6,London
170,Laptop,2023-06-19,268,4,London
171,Phone,2023-06-20,258,6,Beijing
172,Shoes,2023-06-21,248,3,London
173,Watch,2023-06-22,86,6,Paris
174,Shoes,2023-06-23,70,2,Chicago
175,Sunglasses,2023-06-24,116,2,Paris
176,Shoes,2023-06-25,111,9,New York
177,Shoes,2023-06-26,283,7,Tokyo
178,Laptop,2023-06-27,437,3,Chicago
179,Laptop,2023-06-28,310,1,Tokyo
180,Headphones,2023-06-29,115,8,Tokyo
181,Backpack,2023-06-30,107,6,Miami
182,Watch,2023-07-01,97,7,New York
183,Shoes,2023-07-02,307,9,Sydney
184,Shoes,2023-07-03,139,5,London
185,Phone,2023-07-04,321,1,Sydney
186,Laptop,2023-07-05,419,7,Miami
187,Watch,2023-07-06,471,5,Tokyo
188,Camera,2023-07-07,184,3,Beijing
189,Headphones,2023-07-08,201,9,Paris
190,Backpack,2023-07-09,488,1,London
191,T-Shirt,2023-07-10,417,1,London
192,Backpack,2023-07-11,242,1,New York
193,Sunglasses,2023-07-12,330,3,Houston
194,Shoes,2023-07-13,451,6,Los Angeles
195,Headphones,2023-07-14,485,3,Los Angeles
196,Sunglasses,2023-07-15,26,8,Los Angeles
197,Watch,2023-07-16,349,2,Houston
198,T-Shirt,2023-07-17,282,9,New York
199,Laptop,2023-07-18,180,3,Houston
200,Headphones,2023-07-19,170,5,Los Angeles
201,Headphones,2023-07-20,104,8,Miami
202,Shoes,2023-07-21,166,2,Chicago
203,Book,2023-07-22,131,6,Tokyo
204,Headphones,2023-07-23,400,5,Houston
205,Phone,2023-07-24,422,9,New York
206,T-Shirt,2023-07-25,55,5,New York
207,T-Shirt,2023-07-26,304,2,Sydney
208,Phone,2023-07-27,207,5,Chicago
209,Camera,2023-07-28,101,4,Beijing
210,Phone,2023-07-29,21,7,London
211,Phone,2023-07-30,404,6,Los Angeles
212,T-Shirt,2023-07-31,322,2,Beijing
213,Backpack,2023-08-01,216,5,Sydney
214,T-Shirt,2023-08-02,423,7,Los Angeles
215,Book,2023-08-03,30,7,Chicago
216,Shoes,2023-08-04,253,5,Paris
217,Sunglasses,2023-08-05,405,9,Sydney
218,Backpack,2023-08-06,214,4,Los Angeles
219,Laptop,2023-08-07,490,3,Chicago
220,Sunglasses,2023-08-08,138,4,Lagos
221,Shoes,2023-08-09,415,5,Beijing
222,Book,2023-08-10,39,6,Beijing
223,Book,2023-08-11,280,3,London
224,Laptop,2023-08-12,312,2,Chicago
225,Backpack,2023-08-13,441,4,Houston
226,Camera,2023-08-14,275,5,Lagos
227,Phone,2023-08-15,241,4,Paris
228,Backpack,2023-08-16,412,3,Miami
229,Camera,2023-08-17,245,8,Los Angeles
230,Book,2023-08-18,72,4,Lagos
231,T-Shirt,2023-08-19,447,2,Chicago
232,Shoes,2023-08-20,374,2,Tokyo
233,Laptop,2023-08-21,361,1,Los Angeles
234,Shoes,2023-08-22,383,4,New York
235,Watch,2023-08-23,299,9,Beijing
236,Watch,2023-08-24,100,7,Chicago
237,Backpack,2023-08-25,221,7,Paris
238,Book,2023-08-26,177,7,New York
239,Book,2023-08-27,139,8,London
240,Phone,2023-08-28,78,1,Sydney
241,Phone,2023-08-29,234,8,Miami
242,Phone,2023-08-30,147,4,Miami
243,T-Shirt,2023-08-31,243,4,New York
244,Sunglasses,2023-09-01,228,4,Beijing
245,Headphones,2023-09-02,389,6,London
246,Sunglasses,2023-09-03,134,7,Tokyo
247,Shoes,2023-09-04,228,6,Beijing
248,Sunglasses,2023-09-05,33,1,Lagos
249,T-Shirt,2023-09-06,28,8,Miami
250,Shoes,2023-09-07,59,7,Lagos
251,Sunglasses,2023-09-08,469,6,Paris
252,T-Shirt,2023-09-09,256,6,Los Angeles
253,Headphones,2023-09-10,300,5,Houston
254,Sunglasses,2023-09-11,378,6,Chicago
255,T-Shirt,2023-09-12,220,9,London
256,Phone,2023-09-13,265,9,Beijing
257,Book,2023-09-14,297,8,Miami
258,Phone,2023-09-15,254,9,Lagos
259,Book,2023-09-16,23,8,Sydney
260,Laptop,2023-09-17,173,8,Los Angeles
261,Laptop,2023-09-18,461,1,Chicago
262,Laptop,2023-09-19,48,5,Chicago
263,Headphones,2023-09-20,128,4,Beijing
264,Phone,2023-09-21,117,2,London
265,Book,2023-09-22,234,8,Tokyo
266,T-Shirt,2023-09-23,312,3,Paris
267,Shoes,2023-09-24,94,4,Sydney
268,T-Shirt,2023-09-25,345,7,Paris
269,Shoes,2023-09-26,165,9,Beijing
270,Watch,2023-09-27,147,2,Lagos
271,T-Shirt,2023-09-28,360,3,Houston
272,Sunglasses,2023-09-29,61,4,New York
273,Sunglasses,2023-09-30,375,1,Tokyo
274,Backpack,2023-10-01,60,7,London
275,Phone,2023-10-02,441,2,Los Angeles
276,Shoes,2023-10-03,53,5,Tokyo
277,Shoes,2023-10-04,36,1,Miami
278,Phone,2023-10-05,184,3,London
279,Headphones,2023-10-06,172,2,Houston
280,Backpack,2023-10-07,397,1,Miami
281,Headphones,2023-10-08,95,7,Tokyo
282,Headphones,2023-10-09,106,5,New York
283,Headphones,2023-10-10,136,1,New York
284,Phone,2023-10-11,381,6,Houston
285,Headphones,2023-10-12,361,5,Chicago
286,Sunglasses,2023-10-13,488,3,Sydney
287,Laptop,2023-10-14,46,7,Los Angeles
288,Watch,2023-10-15,332,9,Chicago
289,Shoes,2023-10-16,306,9,Paris
290,Shoes,2023-10-17,153,9,Paris
291,Watch,2023-10-18,238,2,Paris
292,Phone,2023-10-19,187,3,New York
293,T-Shirt,2023-10-20,117,7,New York
294,Phone,2023-10-21,287,5,Lagos
295,Shoes,2023-10-22,256,2,Miami
296,Shoes,2023-10-23,328,3,Tokyo
297,Watch,2023-10-24,474,6,Los Angeles
298,Headphones,2023-10-25,413,7,Houston
299,Phone,2023-10-26,192,9,Tokyo
300,Book,2023-10-27,420,1,Lagos
301,Watch,2023-10-28,429,7,New York
302,Sunglasses,2023-10-29,488,8,Houston
303,Shoes,2023-10-30,495,3,New York
304,Watch,2023-10-31,209,4,Los Angeles
305,Phone,2023-11-01,141,6,Miami
306,Shoes,2023-11-02,65,7,Tokyo
307,T-Shirt,2023-11-03,83,4,Tokyo
308,Watch,2023-11-04,149,8,Paris
309,Backpack,2023-11-05,329,5,Chicago
310,Shoes,2023-11-06,382,1,Paris
311,Phone,2023-11-07,212,4,Houston
312,Laptop,2023-11-08,326,3,Sydney
313,Book,2023-11-09,200,9,Paris
314,Camera,2023-11-10,311,8,Lagos
315,Headphones,2023-11-11,390,1,Paris
316,Camera,2023-11-12,301,6,Paris
317,Phone,2023-11-13,48,9,Sydney
318,Sunglasses,2023-11-14,168,7,Chicago
319,Sunglasses,2023-11-15,286,4,Los Angeles
320,Laptop,2023-11-16,315,1,Lagos
321,Headphones,2023-11-17,30,2,Paris
322,Backpack,2023-11-18,183,5,Miami
323,Laptop,2023-11-19,132,5,Sydney
324,Camera,2023-11-20,206,8,Miami
325,Laptop,2023-11-21,314,6,Sydney
326,Camera,2023-11-22,251,8,Miami
327,Shoes,2023-11-23,246,2,Sydney
328,Sunglasses,2023-11-24,329,3,Miami
329,Shoes,2023-11-25,117,6,Chicago
330,Book,2023-11-26,74,3,London
331,Headphones,2023-11-27,130,6,Lagos
332,Backpack,2023-11-28,171,6,Houston
333,Camera,2023-11-29,265,2,Los Angeles
334,Backpack,2023-11-30,425,7,Beijing
335,Camera,2023-12-01,88,2,New York
336,Phone,2023-12-02,331,6,Paris
337,Laptop,2023-12-03,308,1,Houston
338,Book,2023-12-04,269,3,New York
339,Sunglasses,2023-12-05,55,2,Lagos
340,Camera,2023-12-06,258,7,Houston
341,Backpack,2023-12-07,167,4,Miami
342,Book,2023-12-08,486,8,Miami
343,T-Shirt,2023-12-09,246,6,Beijing
344,T-Shirt,2023-12-10,263,4,New York
345,Shoes,2023-12-11,356,5,Los Angeles
346,Sunglasses,2023-12-12,465,9,Lagos
347,Phone,2023-12-13,384,7,Miami
348,Backpack,2023-12-14,220,9,Paris
349,Laptop,2023-12-15,173,7,London
350,Laptop,2023-12-16,469,1,Chicago
351,Backpack,2023-12-17,92,8,Chicago
352,Headphones,2023-12-18,220,4,Sydney
353,Phone,2023-12-19,315,3,Los Angeles
354,Book,2023-12-20,36,7,Chicago
355,Camera,2023-12-21,148,3,Sydney
356,Headphones,2023-12-22,236,8,New York
357,Camera,2023-12-23,80,6,Miami
358,Camera,2023-12-24,446,5,Miami
359,Headphones,2023-12-25,123,4,Paris
360,Shoes,2023-12-26,61,8,London
361,T-Shirt,2023-12-27,44,8,Houston
362,Camera,2023-12-28,58,1,Chicago
363,Headphones,2023-12-29,310,9,New York
364,Headphones,2023-12-30,150,5,Tokyo
365,Watch,2023-12-31,248,4,Chicago
366,Shoes,2024-01-01,127,6,Los Angeles
367,Sunglasses,2024-01-02,191,6,Paris
368,Watch,2024-01-03,454,2,Houston
369,Watch,2024-01-04,497,8,Chicago
370,Backpack,2024-01-05,121,7,New York
371,T-Shirt,2024-01-06,373,1,Chicago
372,Headphones,2024-01-07,31,5,Los Angeles
373,T-Shirt,2024-01-08,294,6,Tokyo
374,Phone,2024-01-09,120,4,Lagos
375,Backpack,2024-01-10,63,2,Beijing
376,Sunglasses,2024-01-11,462,4,Tokyo
377,T-Shirt,2024-01-12,324,1,Sydney
378,Laptop,2024-01-13,464,7,Chicago
379,Camera,2024-01-14,36,2,Miami
380,Phone,2024-01-15,349,2,London
381,Shoes,2024-01-16,76,9,Miami
382,Sunglasses,2024-01-17,330,5,Tokyo
383,Phone,2024-01-18,322,2,Miami
384,Camera,2024-01-19,31,9,New York
385,Backpack,2024-01-20,337,9,Miami
386,Camera,2024-01-21,99,1,Houston
387,Watch,2024-01-22,235,3,Lagos
388,Camera,2024-01-23,358,4,Chicago
389,Watch,2024-01-24,283,7,Paris
390,Backpack,2024-01-25,498,4,Miami
391,Book,2024-01-26,168,2,Los Angeles
392,Watch,2024-01-27,100,7,Paris
393,Shoes,2024-01-28,234,6,Lagos
394,Camera,2024-01-29,393,3,Lagos
395,Camera,2024-01-30,483,6,Miami
396,Shoes,2024-01-31,217,6,Lagos
397,Laptop,2024-02-01,219,5,Paris
398,Headphones,2024-02-02,44,4,London
399,Book,2024-02-03,485,1,Miami
400,Sunglasses,2024-02-04,108,6,New York
401,Watch,2024-02-05,287,2,Tokyo
402,Shoes,2024-02-06,162,3,Houston
403,Backpack,2024-02-07,78,8,Beijing
404,Watch,2024-02-08,429,6,Sydney
405,Headphones,2024-02-09,384,3,Lagos
406,Backpack,2024-02-10,45,7,New York
407,Phone,2024-02-11,66,4,Chicago
408,Camera,2024-02-12,307,9,Chicago
409,Phone,2024-02-13,285,5,Sydney
410,Watch,2024-02-14,35,3,Houston
411,Headphones,2024-02-15,218,2,Lagos
412,Book,2024-02-16,420,2,London
413,Watch,2024-02-17,426,3,Sydney
414,Shoes,2024-02-18,301,2,Houston
415,T-Shirt,2024-02-19,488,4,Lagos
416,Watch,2024-02-20,105,2,Paris
417,Camera,2024-02-21,269,9,New York
418,Camera,2024-02-22,410,2,Tokyo
419,Watch,2024-02-23,289,9,London
420,Backpack,2024-02-24,354,6,Paris
421,T-Shirt,2024-02-25,136,1,Paris
422,Shoes,2024-02-26,26,4,Beijing
423,Watch,2024-02-27,156,1,Chicago
424,Backpack,2024-02-28,390,6,Los Angeles
425,Camera,2024-02-29,195,4,New York
426,Camera,2024-03-01,347,3,Chicago
427,Headphones,2024-03-02,334,3,Miami
428,Watch,2024-03-03,234,9,Paris
429,T-Shirt,2024-03-04,496,6,Los Angeles
430,Laptop,2024-03-05,101,9,Chicago
431,T-Shirt,2024-03-06,242,5,Houston
432,Camera,2024-03-07,497,2,London
433,Camera,2024-03-08,391,8,Chicago
434,Phone,2024-03-09,442,5,Beijing
435,Camera,2024-03-10,421,2,Tokyo
436,Shoes,2024-03-11,462,4,Houston
437,Sunglasses,2024-03-12,122,9,New York
438,Watch,2024-03-13,292,4,New York
439,T-Shirt,2024-03-14,33,4,New York
440,Sunglasses,2024-03-15,178,2,New York
441,Backpack,2024-03-16,171,6,Tokyo
442,Laptop,2024-03-17,127,2,Chicago
443,Shoes,2024-03-18,207,7,Lagos
444,T-Shirt,2024-03-19,320,3,Chicago
445,Sunglasses,2024-03-20,117,3,Paris
446,Laptop,2024-03-21,150,5,Miami
447,Phone,2024-03-22,312,3,London
448,Shoes,2024-03-23,190,2,Los Angeles
449,Shoes,2024-03-24,443,9,Lagos
450,Phone,2024-03-25,493,2,Lagos
451,Watch,2024-03-26,202,2,Paris
452,Phone,2024-03-27,490,8,Chicago
453,Shoes,2024-03-28,383,9,Lagos
454,Shoes,2024-03-29,58,7,Sydney
455,Sunglasses,2024-03-30,34,3,Sydney
456,Camera,2024-03-31,395,9,Miami
457,Laptop,2024-04-01,23,3,Los Angeles
458,Phone,2024-04-02,368,5,Beijing
459,Laptop,2024-04-03,489,9,Tokyo
460,Phone,2024-04-04,428,3,Chicago
461,Backpack,2024-04-05,416,7,Tokyo
462,Shoes,2024-04-06,229,1,Beijing
463,Camera,2024-04-07,180,4,Chicago
464,Sunglasses,2024-04-08,35,4,Chicago
465,Camera,2024-04-09,445,7,Los Angeles
466,Camera,2024-04-10,127,8,Tokyo
467,Camera,2024-04-11,401,1,Sydney
468,Laptop,2024-04-12,469,5,New York
469,Phone,2024-04-13,330,7,Tokyo
470,Book,2024-04-14,246,4,London
471,Backpack,2024-04-15,189,4,London
472,T-Shirt,2024-04-16,53,4,Chicago
473,Camera,2024-04-17,433,6,New York
474,Watch,2024-04-18,270,7,Houston
475,Laptop,2024-04-19,266,2,Beijing
476,Sunglasses,2024-04-20,288,5,Miami
477,T-Shirt,2024-04-21,160,4,New York
478,Book,2024-04-22,293,3,Miami
479,Watch,2024-04-23,435,7,Tokyo
480,Book,2024-04-24,115,6,Tokyo
481,T-Shirt,2024-04-25,246,7,Miami
482,Camera,2024-04-26,398,5,Beijing
483,Watch,2024-04-27,58,6,New York
484,Book,2024-04-28,321,5,Houston
485,Sunglasses,2024-04-29,48,7,Chicago
486,Phone,2024-04-30,465,2,Los Angeles
487,Shoes,2024-05-01,496,5,Tokyo
488,Phone,2024-05-02,337,6,London
489,T-Shirt,2024-05-03,264,6,Beijing
490,Laptop,2024-05-04,255,5,Los Angeles
491,Shoes,2024-05-05,204,7,Houston
492,Backpack,2024-05-06,291,8,Lagos
493,Sunglasses,2024-05-07,459,7,Paris
494,Backpack,2024-05-08,255,5,Chicago
495,Watch,2024-05-09,258,1,Tokyo
496,Shoes,2024-05-10,396,5,Chicago
497,Backpack,2024-05-11,285,2,Los Angeles
498,Backpack,2024-05-12,433,5,Chicago
499,Book,2024-05-13,428,5,Paris
500,Phone,2024-05-14,378,2,Lagos
501,Book,2024-05-15,359,5,Los Angeles
502,Shoes,2024-05-16,408,4,Tokyo
503,Shoes,2024-05-17,84,1,New York
504,T-Shirt,2024-05-18,497,3,London
505,Book,2024-05-19,196,1,Los Angeles
506,Headphones,2024-05-20,22,5,Sydney
507,Phone,2024-05-21,448,4,Lagos
508,Shoes,2024-05-22,161,7,Los Angeles
509,T-Shirt,2024-05-23,395,5,Los Angeles
510,Book,2024-05-24,177,4,Sydney
511,Phone,2024-05-25,343,2,Tokyo
512,Book,2024-05-26,165,4,Los Angeles
513,Backpack,2024-05-27,465,2,London
514,T-Shirt,2024-05-28,312,8,Chicago
515,Phone,2024-05-29,172,3,Tokyo
516,Camera,2024-05-30,451,9,London
517,Watch,2024-05-31,212,4,Tokyo
518,Watch,2024-06-01,456,6,London
519,Phone,2024-06-02,482,5,Paris
520,Book,2024-06-03,92,1,Lagos
521,T-Shirt,2024-06-04,418,9,London
522,Watch,2024-06-05,324,1,Miami
523,T-Shirt,2024-06-06,396,8,London
524,Watch,2024-06-07,363,9,New York
525,Backpack,2024-06-08,471,9,New York
526,Book,2024-06-09,159,1,Beijing
527,Backpack,2024-06-10,206,2,Miami
528,Watch,2024-06-11,312,1,Miami
529,Camera,2024-06-12,80,2,Chicago
530,Camera,2024-06-13,446,8,Miami
531,Backpack,2024-06-14,399,5,Chicago
532,Camera,2024-06-15,217,7,Beijing
533,Watch,2024-06-16,314,2,Beijing
534,Phone,2024-06-17,459,8,Lagos
535,Backpack,2024-06-18,338,6,New York
536,Laptop,2024-06-19,321,8,London
537,Book,2024-06-20,363,1,London
538,Camera,2024-06-21,30,1,Sydney
539,Camera,2024-06-22,81,7,Sydney
540,Shoes,2024-06-23,352,8,Houston
541,Headphones,2024-06-24,245,3,Tokyo
542,Backpack,2024-06-25,172,5,Lagos
543,Sunglasses,2024-06-26,218,1,Houston
544,Camera,2024-06-27,71,7,Houston
545,Book,2024-06-28,279,5,Los Angeles
546,Laptop,2024-06-29,78,8,Los Angeles
547,Camera,2024-06-30,91,8,Houston
548,Laptop,2024-07-01,167,9,Miami
549,Watch,2024-07-02,368,7,Tokyo
550,Watch,2024-07-03,82,1,Lagos
551,Headphones,2024-07-04,329,3,Houston
552,Phone,2024-07-05,392,8,Paris
553,Sunglasses,2024-07-06,262,3,London
554,Shoes,2024-07-07,385,8,Tokyo
555,Headphones,2024-07-08,349,1,Los Angeles
556,T-Shirt,2024-07-09,126,5,London
557,Shoes,2024-07-10,245,4,Los Angeles
558,Backpack,2024-07-11,332,5,Los Angeles
559,Book,2024-07-12,237,8,Tokyo
560,T-Shirt,2024-07-13,444,4,Los Angeles
561,T-Shirt,2024-07-14,260,4,Paris
562,Headphones,2024-07-15,278,3,Beijing
563,Phone,2024-07-16,395,7,New York
564,Headphones,2024-07-17,281,3,Beijing
565,Backpack,2024-07-18,24,3,New York
566,Camera,2024-07-19,280,5,Sydney
567,Camera,2024-07-20,73,5,Sydney
568,Phone,2024-07-21,66,6,Los Angeles
569,Backpack,2024-07-22,234,8,Lagos
570,Phone,2024-07-23,196,6,Lagos
571,Laptop,2024-07-24,28,1,New York
572,Camera,2024-07-25,118,8,London
573,T-Shirt,2024-07-26,39,8,Tokyo
574,Sunglasses,2024-07-27,397,9,Los Angeles
575,Book,2024-07-28,260,9,Tokyo
576,Backpack,2024-07-29,80,2,Beijing
577,Shoes,2024-07-30,398,2,Lagos
578,Phone,2024-07-31,438,3,Miami
579,Book,2024-08-01,197,1,Beijing
580,Shoes,2024-08-02,357,4,Paris
581,Book,2024-08-03,81,4,Beijing
582,Sunglasses,2024-08-04,164,9,New York
583,Shoes,2024-08-05,235,9,Paris
584,Headphones,2024-08-06,22,9,Chicago
585,Watch,2024-08-07,179,7,Beijing
586,Headphones,2024-08-08,246,2,Paris
587,Camera,2024-08-09,288,5,Los Angeles
588,Watch,2024-08-10,139,4,Houston
589,Headphones,2024-08-11,400,8,Houston
590,Watch,2024-08-12,108,2,Los Angeles
591,Watch,2024-08-13,348,6,Chicago
592,T-Shirt,2024-08-14,87,5,Chicago
593,Phone,2024-08-15,417,2,New York
594,Phone,2024-08-16,376,1,Lagos
595,T-Shirt,2024-08-17,117,8,Tokyo
596,Book,2024-08-18,286,2,Chicago
597,Laptop,2024-08-19,124,7,Miami
598,Book,2024-08-20,459,9,New York
599,Shoes,2024-08-21,342,9,Sydney
600,Shoes,2024-08-22,142,8,London
601,Watch,2024-08-23,495,9,Sydney
602,Headphones,2024-08-24,48,2,New York
603,Headphones,2024-08-25,156,6,Paris
604,Phone,2024-08-26,214,4,Beijing
605,Backpack,2024-08-27,428,4,Tokyo
606,Book,2024-08-28,245,5,London
607,Camera,2024-08-29,351,3,Sydney
608,Sunglasses,2024-08-30,189,1,London
609,Headphones,2024-08-31,28,8,Miami
610,Sunglasses,2024-09-01,482,5,Miami
611,Watch,2024-09-02,59,3,Paris
612,Sunglasses,2024-09-03,44,7,Miami
613,Camera,2024-09-04,280,7,New York
614,T-Shirt,2024-09-05,414,1,Tokyo
615,Camera,2024-09-06,462,9,Paris
616,Sunglasses,2024-09-07,245,2,New York
617,Camera,2024-09-08,491,5,Houston
618,Laptop,2024-09-09,143,5,Beijing
619,Watch,2024-09-10,482,8,Beijing
620,Book,2024-09-11,57,8,Miami
621,T-Shirt,2024-09-12,347,7,Houston
622,Headphones,2024-09-13,270,7,Chicago
623,Shoes,2024-09-14,408,6,Chicago
624,Book,2024-09-15,195,6,Miami
625,Shoes,2024-09-16,109,9,Sydney
626,Watch,2024-09-17,421,6,New York
627,T-Shirt,2024-09-18,473,2,Miami
628,Phone,2024-09-19,56,2,Lagos
629,Headphones,2024-09-20,335,5,London
630,Laptop,2024-09-21,195,4,Beijing
631,Phone,2024-09-22,480,2,Chicago
632,Watch,2024-09-23,303,3,Los Angeles
633,Book,2024-09-24,472,7,Chicago
634,Laptop,2024-09-25,480,8,Beijing
635,Camera,2024-09-26,100,6,London
636,Sunglasses,2024-09-27,133,5,Beijing
637,Laptop,2024-09-28,59,1,Los Angeles
638,Watch,2024-09-29,320,8,Miami
639,Backpack,2024-09-30,243,3,Houston
640,Sunglasses,2024-10-01,337,6,Los Angeles
641,Shoes,2024-10-02,368,3,Beijing
642,Headphones,2024-10-03,134,7,Beijing
643,Shoes,2024-10-04,205,7,Lagos
644,Laptop,2024-10-05,342,9,Paris
645,Shoes,2024-10-06,75,5,Lagos
646,Watch,2024-10-07,59,8,Tokyo
647,Camera,2024-10-08,373,8,Lagos
648,Book,2024-10-09,59,1,New York
649,Headphones,2024-10-10,366,5,Houston
650,Shoes,2024-10-11,480,3,London
651,Shoes,2024-10-12,256,1,Los Angeles
652,Laptop,2024-10-13,308,4,Beijing
653,Book,2024-10-14,281,8,Tokyo
654,Phone,2024-10-15,235,3,Tokyo
655,Shoes,2024-10-16,166,2,London
656,Watch,2024-10-17,355,9,Houston
657,Backpack,2024-10-18,187,5,Los Angeles
658,Headphones,2024-10-19,111,7,Chicago
659,Shoes,2024-10-20,372,2,Lagos
660,Watch,2024-10-21,78,9,Miami
661,Watch,2024-10-22,78,9,Tokyo
662,Headphones,2024-10-23,323,4,Lagos
663,Phone,2024-10-24,188,4,Lagos
664,Watch,2024-10-25,288,6,New York
665,Backpack,2024-10-26,382,6,Houston
666,Watch,2024-10-27,64,1,Miami
667,Watch,2024-10-28,364,9,Paris
668,Watch,2024-10-29,200,2,Chicago
669,Camera,2024-10-30,189,5,Beijing
670,Camera,2024-10-31,375,9,New York
671,Phone,2024-11-01,210,4,Lagos
672,Shoes,2024-11-02,174,3,Lagos
673,Watch,2024-11-03,441,7,Sydney
674,Book,2024-11-04,207,6,Miami
675,Shoes,2024-11-05,26,8,Miami
676,Phone,2024-11-06,152,3,Sydney
677,T-Shirt,2024-11-07,254,5,Miami
678,Shoes,2024-11-08,64,4,Lagos
679,Shoes,2024-11-09,333,4,Tokyo
680,Sunglasses,2024-11-10,268,4,Los Angeles
681,Laptop,2024-11-11,50,8,Lagos
682,Sunglasses,2024-11-12,42,6,New York
683,Backpack,2024-11-13,445,3,Houston
684,Camera,2024-11-14,413,5,Sydney
685,Camera,2024-11-15,179,6,Chicago
686,Laptop,2024-11-16,382,5,Beijing
687,Headphones,2024-11-17,456,6,Chicago
688,Headphones,2024-11-18,177,8,Lagos
689,Phone,2024-11-19,58,7,New York
690,Laptop,2024-11-20,434,5,Lagos
691,Shoes,2024-11-21,101,6,Houston
692,Headphones,2024-11-22,375,4,Tokyo
693,Watch,2024-11-23,277,9,Paris
694,Book,2024-11-24,225,4,Beijing
695,Shoes,2024-11-25,96,1,Houston
696,Backpack,2024-11-26,496,7,Sydney
697,Watch,2024-11-27,31,7,Sydney
698,Watch,2024-11-28,314,4,Lagos
699,Laptop,2024-11-29,469,3,New York
700,Phone,2024-11-30,243,8,Houston
701,Backpack,2024-12-01,32,5,London
702,Headphones,2024-12-02,65,7,New York
703,Laptop,2024-12-03,174,4,Tokyo
704,Headphones,2024-12-04,132,4,Sydney
705,Laptop,2024-12-05,252,8,Paris
706,Laptop,2024-12-06,36,8,Lagos
707,Laptop,2024-12-07,379,2,Miami
708,Phone,2024-12-08,242,2,Sydney
709,Laptop,2024-12-09,373,3,Paris
710,T-Shirt,2024-12-10,207,3,Beijing
711,Book,2024-12-11,467,1,Los Angeles
712,Headphones,2024-12-12,363,3,Miami
713,Shoes,2024-12-13,384,6,Lagos
714,Sunglasses,2024-12-14,182,8,London
715,Backpack,2024-12-15,345,6,Miami
716,Camera,2024-12-16,486,5,Beijing
717,Phone,2024-12-17,433,4,New York
718,Shoes,2024-12-18,474,3,London
719,Watch,2024-12-19,93,4,Sydney
720,T-Shirt,2024-12-20,252,7,London
721,Camera,2024-12-21,243,1,Houston
722,Sunglasses,2024-12-22,338,7,Beijing
723,Shoes,2024-12-23,431,1,Paris
724,Camera,2024-12-24,79,2,Miami
725,Shoes,2024-12-25,354,4,Houston
726,T-Shirt,2024-12-26,241,1,London
727,Sunglasses,2024-12-27,56,9,Houston
728,Watch,2024-12-28,496,6,Chicago
729,Laptop,2024-12-29,297,1,Beijing
730,Headphones,2024-12-30,215,1,Paris
731,Watch,2024-12-31,423,6,Tokyo
732,Laptop,2025-01-01,371,4,New York
733,Phone,2025-01-02,261,4,London
734,Book,2025-01-03,343,6,Beijing
735,Backpack,2025-01-04,238,7,Tokyo
736,Backpack,2025-01-05,211,9,Tokyo
737,Headphones,2025-01-06,36,5,Lagos
738,Sunglasses,2025-01-07,31,9,Paris
739,T-Shirt,2025-01-08,425,4,Houston
740,Sunglasses,2025-01-09,420,2,Tokyo
741,T-Shirt,2025-01-10,413,3,Chicago
742,Sunglasses,2025-01-11,393,1,Beijing
743,Book,2025-01-12,212,6,Los Angeles
744,Phone,2025-01-13,41,6,Los Angeles
745,Phone,2025-01-14,493,1,London
746,Laptop,2025-01-15,139,3,Sydney
747,Camera,2025-01-16,229,5,Houston
748,Phone,2025-01-17,325,3,Sydney
749,Phone,2025-01-18,289,3,Tokyo
750,Watch,2025-01-19,211,3,Beijing
751,Watch,2025-01-20,194,5,London
752,Laptop,2025-01-21,304,5,Miami
753,Camera,2025-01-22,223,4,Tokyo
754,Headphones,2025-01-23,183,1,Houston
755,Watch,2025-01-24,270,5,Los Angeles
756,Headphones,2025-01-25,246,5,Paris
757,Shoes,2025-01-26,455,4,Lagos
758,Watch,2025-01-27,400,6,Beijing
759,Book,2025-01-28,479,4,New York
760,Camera,2025-01-29,26,7,Paris
761,Laptop,2025-01-30,48,7,Sydney
762,Shoes,2025-01-31,414,2,London
763,Camera,2025-02-01,52,3,Sydney
764,Book,2025-02-02,153,1,Beijing
765,Camera,2025-02-03,386,8,Sydney
766,Book,2025-02-04,98,9,Beijing
767,Book,2025-02-05,435,4,Sydney
768,Headphones,2025-02-06,454,6,Paris
769,Sunglasses,2025-02-07,478,9,Chicago
770,Shoes,2025-02-08,77,6,Paris
771,Camera,2025-02-09,490,9,Miami
772,T-Shirt,2025-02-10,45,4,Tokyo
773,Shoes,2025-02-11,449,8,Tokyo
774,Sunglasses,2025-02-12,245,9,Houston
775,Shoes,2025-02-13,304,4,Paris
776,Phone,2025-02-14,23,5,Paris
777,T-Shirt,2025-02-15,484,8,New York
778,Sunglasses,2025-02-16,118,6,New York
779,Headphones,2025-02-17,416,7,Houston
780,Camera,2025-02-18,58,3,Lagos
781,Backpack,2025-02-19,290,7,Tokyo
782,Sunglasses,2025-02-20,394,8,Lagos
783,Laptop,2025-02-21,304,6,Beijing
784,Camera,2025-02-22,176,9,Beijing
785,Sunglasses,2025-02-23,94,6,Los Angeles
786,Phone,2025-02-24,391,9,Sydney
787,Backpack,2025-02-25,307,4,New York
788,Phone,2025-02-26,149,8,Los Angeles
789,Backpack,2025-02-27,194,4,Miami
790,Laptop,2025-02-28,481,2,Houston
791,Camera,2025-03-01,103,9,Houston
792,Headphones,2025-03-02,41,5,Beijing
793,Phone,2025-03-03,478,4,Paris
794,Phone,2025-03-04,46,2,Tokyo
795,Book,2025-03-05,214,1,Lagos
796,Backpack,2025-03-06,356,7,New York
797,Watch,2025-03-07,401,6,Los Angeles
798,Camera,2025-03-08,255,2,Lagos
799,Backpack,2025-03-09,459,8,Paris
800,Book,2025-03-10,111,4,Los Angeles
801,Shoes,2025-03-11,496,8,Sydney
802,Backpack,2025-03-12,40,7,Miami
803,Headphones,2025-03-13,322,5,Miami
804,Camera,2025-03-14,483,8,Lagos
805,Book,2025-03-15,376,9,Lagos
806,Shoes,2025-03-16,462,5,Lagos
807,T-Shirt,2025-03-17,103,5,Los Angeles
808,Book,2025-03-18,281,2,Sydney
809,T-Shirt,2025-03-19,166,5,Chicago
810,Camera,2025-03-20,460,3,Lagos
811,Phone,2025-03-21,472,7,Tokyo
812,Book,2025-03-22,406,5,Paris
813,Laptop,2025-03-23,276,8,New York
814,T-Shirt,2025-03-24,77,1,New York
815,Headphones,2025-03-25,399,3,Paris
816,Laptop,2025-03-26,441,3,Los Angeles
817,Sunglasses,2025-03-27,34,9,Paris
818,Sunglasses,2025-03-28,181,5,Lagos
819,Shoes,2025-03-29,464,9,Beijing
820,Phone,2025-03-30,182,9,Houston
821,Camera,2025-03-31,339,1,Chicago
822,Book,2025-04-01,300,2,Tokyo
823,Watch,2025-04-02,299,5,Paris
824,Headphones,2025-04-03,31,4,Sydney
825,T-Shirt,2025-04-04,293,9,Beijing
826,Camera,2025-04-05,290,7,Paris
827,Laptop,2025-04-06,227,6,Miami
828,Sunglasses,2025-04-07,46,7,Beijing
829,Headphones,2025-04-08,91,1,Los Angeles
830,Watch,2025-04-09,79,1,Chicago
831,Book,2025-04-10,449,8,London
832,Shoes,2025-04-11,492,2,London
833,Watch,2025-04-12,164,9,Lagos
834,Headphones,2025-04-13,112,7,Lagos
835,Watch,2025-04-14,328,6,Los Angeles
836,Headphones,2025-04-15,27,1,Sydney
837,Headphones,2025-04-16,98,1,Lagos
838,Backpack,2025-04-17,46,2,Houston
839,T-Shirt,2025-04-18,193,6,Chicago
840,Sunglasses,2025-04-19,69,6,Paris
841,Backpack,2025-04-20,218,2,Los Angeles
842,Book,2025-04-21,406,1,New York
843,Backpack,2025-04-22,368,5,Paris
844,Phone,2025-04-23,467,5,Paris
845,Phone,2025-04-24,447,2,Miami
846,Sunglasses,2025-04-25,200,6,Los Angeles
847,Watch,2025-04-26,43,9,Los Angeles
848,T-Shirt,2025-04-27,335,2,London
849,Sunglasses,2025-04-28,397,2,Tokyo
850,Headphones,2025-04-29,406,3,Sydney
851,Laptop,2025-04-30,423,7,Tokyo
852,T-Shirt,2025-05-01,65,6,Houston
853,T-Shirt,2025-05-02,34,8,New York
854,Headphones,2025-05-03,172,8,Paris
855,Headphones,2025-05-04,241,6,London
856,Shoes,2025-05-05,225,3,New York
857,Sunglasses,2025-05-06,474,3,Paris
858,Headphones,2025-05-07,292,1,Houston
859,Phone,2025-05-08,401,7,Tokyo
860,Book,2025-05-09,255,5,Los Angeles
861,Laptop,2025-05-10,359,4,Lagos
862,Sunglasses,2025-05-11,247,4,Lagos
863,Camera,2025-05-12,28,4,Beijing
864,Phone,2025-05-13,185,6,Miami
865,Watch,2025-05-14,451,8,Sydney
866,Headphones,2025-05-15,463,8,Houston
867,Camera,2025-05-16,338,5,Miami
868,Headphones,2025-05-17,233,6,Sydney
869,T-Shirt,2025-05-18,136,4,Paris
870,Phone,2025-05-19,405,9,Miami
871,T-Shirt,2025-05-20,363,8,Tokyo
872,Shoes,2025-05-21,91,1,Sydney
873,T-Shirt,2025-05-22,414,2,Tokyo
874,Shoes,2025-05-23,83,9,Los Angeles
875,Shoes,2025-05-24,224,8,London
876,Camera,2025-05-25,228,3,Tokyo
877,Headphones,2025-05-26,91,8,Paris
878,Watch,2025-05-27,296,1,Lagos
879,T-Shirt,2025-05-28,293,4,Miami
880,Phone,2025-05-29,497,3,Paris
881,Shoes,2025-05-30,339,6,Beijing
882,Headphones,2025-05-31,357,7,Chicago
883,Laptop,2025-06-01,385,4,Sydney
884,Sunglasses,2025-06-02,114,7,Houston
885,Camera,2025-06-03,185,9,Beijing
886,Watch,2025-06-04,51,2,Lagos
887,Backpack,2025-06-05,30,3,Tokyo
888,Camera,2025-06-06,320,5,London
889,Laptop,2025-06-07,236,3,Paris
890,Sunglasses,2025-06-08,308,8,Los Angeles
891,Laptop,2025-06-09,121,8,Chicago
892,T-Shirt,2025-06-10,444,8,New York
893,Shoes,2025-06-11,411,9,Beijing
894,Watch,2025-06-12,286,4,London
895,Book,2025-06-13,233,5,New York
896,Shoes,2025-06-14,198,5,Chicago
897,Book,2025-06-15,107,8,Houston
898,Sunglasses,2025-06-16,60,7,Houston
899,Headphones,2025-06-17,420,9,Miami
900,Backpack,2025-06-18,95,8,Chicago
901,Phone,2025-06-19,396,2,Chicago
902,Shoes,2025-06-20,65,4,New York
903,Watch,2025-06-21,179,6,London
904,Laptop,2025-06-22,482,2,Paris
905,Watch,2025-06-23,99,7,Sydney
906,Sunglasses,2025-06-24,329,3,New York
907,Book,2025-06-25,105,3,Los Angeles
908,Laptop,2025-06-26,111,2,Houston
909,Phone,2025-06-27,167,8,Houston
910,Phone,2025-06-28,180,6,Miami
911,Shoes,2025-06-29,221,1,Paris
912,Sunglasses,2025-06-30,443,1,Los Angeles
913,Headphones,2025-07-01,435,7,Houston
914,Sunglasses,2025-07-02,261,8,New York
915,Book,2025-07-03,372,5,Los Angeles
916,Watch,2025-07-04,21,5,New York
917,Phone,2025-07-05,244,4,Sydney
918,Watch,2025-07-06,308,6,Sydney
919,Watch,2025-07-07,252,6,Houston
920,Watch,2025-07-08,480,3,Houston
921,Phone,2025-07-09,433,9,London
922,Camera,2025-07-10,436,7,Sydney
923,T-Shirt,2025-07-11,96,1,Paris
924,Book,2025-07-12,135,7,Paris
925,Camera,2025-07-13,173,5,Beijing
926,Book,2025-07-14,425,5,Beijing
927,Laptop,2025-07-15,122,2,Miami
928,Sunglasses,2025-07-16,213,4,Sydney
929,Sunglasses,2025-07-17,185,6,New York
930,Backpack,2025-07-18,378,7,New York
931,Sunglasses,2025-07-19,109,5,Lagos
932,Phone,2025-07-20,193,9,Los Angeles
933,Headphones,2025-07-21,141,3,Tokyo
934,Shoes,2025-07-22,162,1,Beijing
935,Backpack,2025-07-23,125,4,Houston
936,Shoes,2025-07-24,394,9,Miami
937,Book,2025-07-25,447,4,Paris
938,Shoes,2025-07-26,324,2,Tokyo
939,Shoes,2025-07-27,379,5,Chicago
940,Backpack,2025-07-28,478,3,Miami
941,Laptop,2025-07-29,336,9,Chicago
942,Watch,2025-07-30,470,4,Sydney
943,Sunglasses,2025-07-31,142,6,Chicago
944,Sunglasses,2025-08-01,409,2,Chicago
945,Phone,2025-08-02,28,6,London
946,Backpack,2025-08-03,281,3,London
947,Phone,2025-08-04,92,9,London
948,Headphones,2025-08-05,378,2,Sydney
949,Headphones,2025-08-06,242,9,Tokyo
950,Phone,2025-08-07,435,5,Miami
951,Backpack,2025-08-08,60,8,Miami
952,Phone,2025-08-09,389,2,Houston
953,Sunglasses,2025-08-10,223,6,London
954,Camera,2025-08-11,283,3,Sydney
955,T-Shirt,2025-08-12,347,5,Houston
956,Shoes,2025-08-13,197,8,Los Angeles
957,T-Shirt,2025-08-14,367,1,Houston
958,Backpack,2025-08-15,337,5,Tokyo
959,T-Shirt,2025-08-16,103,3,Beijing
960,Headphones,2025-08-17,337,4,Chicago
961,Book,2025-08-18,130,2,London
962,Shoes,2025-08-19,270,9,Beijing
963,Watch,2025-08-20,402,3,Paris
964,Backpack,2025-08-21,26,2,Houston
965,Shoes,2025-08-22,478,9,Sydney
966,T-Shirt,2025-08-23,103,7,Chicago
967,Headphones,2025-08-24,227,6,Miami
968,Laptop,2025-08-25,407,1,New York
969,Camera,2025-08-26,409,5,Chicago
970,Watch,2025-08-27,333,3,Tokyo
971,Camera,2025-08-28,41,1,Paris
972,Shoes,2025-08-29,429,4,Tokyo
973,Headphones,2025-08-30,402,2,Houston
974,Headphones,2025-08-31,22,2,Los Angeles
975,T-Shirt,2025-09-01,146,3,Tokyo
976,Sunglasses,2025-09-02,316,8,Tokyo
977,T-Shirt,2025-09-03,207,8,Sydney
978,Sunglasses,2025-09-04,381,7,Houston
979,Sunglasses,2025-09-05,33,6,Chicago
980,Watch,2025-09-06,478,9,Los Angeles
981,T-Shirt,2025-09-07,485,4,Beijing
982,Laptop,2025-09-08,31,1,New York
983,Phone,2025-09-09,106,8,London
984,Phone,2025-09-10,31,7,Miami
985,T-Shirt,2025-09-11,416,7,Tokyo
986,T-Shirt,2025-09-12,44,3,Houston
987,Camera,2025-09-13,320,4,London
988,Watch,2025-09-14,262,9,Miami
989,T-Shirt,2025-09-15,141,6,Miami
990,Camera,2025-09-16,166,5,Beijing
991,Sunglasses,2025-09-17,74,3,Beijing
992,Headphones,2025-09-18,257,9,Beijing
993,Headphones,2025-09-19,375,5,Lagos
994,Sunglasses,2025-09-20,192,5,Lagos
995,Backpack,2025-09-21,411,4,Miami
996,Camera,2025-09-22,240,4,Beijing
997,Camera,2025-09-23,138,1,Sydney
998,Sunglasses,2025-09-24,328,7,Tokyo
999,Laptop,2025-09-25,202,9,London
1000,Book,2025-09-26,307,3,London
